order_id,customer_id,restaurant_id,rider_id,order_date,total_amount,payment_status,delivery_status,freshbite_income
1,60,1,49,20/04/2025,4376.27,Pending,Returned,437.63
2,64,5,14,20/04/2025,6116.09,Refunded,Delivered,611.61
3,178,49,25,20/04/2025,6359.1,Refunded,Delivered,635.91
4,20,10,16,20/04/2025,6721.51,Paid,Cancelled,672.15
5,10,29,25,20/04/2025,4425.64,Paid,Returned,442.56
6,65,30,56,20/04/2025,1663.36,Refunded,Delivered,166.34
7,105,18,17,20/04/2025,4015.2,Refunded,Delivered,401.52
8,55,31,53,20/04/2025,3050.37,Paid,Delivered,305.04
9,174,7,5,20/04/2025,2191.33,Paid,Cancelled,219.13
10,193,26,24,20/04/2025,3220.35,Pending,Cancelled,322.04
11,112,33,17,20/04/2025,6069.53,Paid,Delivered,606.95
12,119,2,17,20/04/2025,6443.99,Paid,Delivered,644.4
13,59,38,63,21/04/2025,3096.29,Paid,Returned,309.63
14,169,21,24,21/04/2025,6215.04,Paid,Cancelled,621.5
15,193,15,1,21/04/2025,5006.3,Refunded,Cancelled,500.63
16,82,5,27,21/04/2025,2943.86,Pending,Delivered,294.39
17,12,23,32,21/04/2025,4823.24,Refunded,Returned,482.32
18,80,33,22,22/04/2025,6952.6,Paid,Returned,695.26
19,87,2,5,22/04/2025,,Paid,Returned,
20,39,5,57,22/04/2025,1917.7,Pending,Delivered,191.77
21,193,5,7,22/04/2025,6895.4,Pending,Returned,689.54
22,62,27,23,22/04/2025,6308.47,Paid,Cancelled,630.85
23,146,27,45,22/04/2025,,Pending,Returned,
24,131,2,40,23/04/2025,2298.54,Paid,Cancelled,229.85
25,104,34,19,23/04/2025,3190.52,Paid,Cancelled,319.05
26,112,17,21,23/04/2025,5921.15,Pending,Cancelled,592.12
27,56,29,14,23/04/2025,4850.72,Refunded,Returned,485.07
28,160,14,39,23/04/2025,2219.58,Refunded,Delivered,221.96
29,81,32,26,24/04/2025,2293.42,Refunded,Delivered,229.34
30,71,35,54,24/04/2025,4010.51,Refunded,Returned,401.05
31,143,30,46,24/04/2025,5634.2,Refunded,Returned,563.42
32,89,9,64,24/04/2025,5658.18,Paid,Cancelled,565.82
33,64,4,16,24/04/2025,4696.82,Pending,Cancelled,469.68
34,94,45,56,25/04/2025,5250.45,Refunded,Cancelled,525.04
35,135,22,42,25/04/2025,3994.19,Refunded,Cancelled,399.42
36,132,37,65,25/04/2025,5632.22,Refunded,Delivered,563.22
37,54,47,12,25/04/2025,5673.67,Refunded,Returned,567.37
38,26,6,37,25/04/2025,5739.02,Refunded,Cancelled,573.9
39,98,39,61,26/04/2025,5118.95,Refunded,Delivered,511.89
40,197,43,24,26/04/2025,6603.43,Pending,Cancelled,660.34
41,30,46,26,26/04/2025,1104.58,Pending,Delivered,110.46
42,185,17,55,26/04/2025,2593.87,Refunded,Cancelled,259.39
43,125,1,7,26/04/2025,4564.7,Refunded,Returned,456.47
44,17,26,49,27/04/2025,1222.97,Pending,Cancelled,122.3
45,70,41,6,27/04/2025,5995.18,Paid,Cancelled,599.52
46,117,37,5,27/04/2025,5038.07,Paid,Cancelled,503.81
47,145,42,24,27/04/2025,2954.94,Paid,Delivered,295.49
48,179,19,36,27/04/2025,5726.19,Pending,Cancelled,572.62
49,98,8,6,27/04/2025,4047.54,Refunded,Returned,404.75
50,11,32,40,27/04/2025,4996.49,Refunded,Delivered,499.65
51,136,32,52,27/04/2025,3243.17,Refunded,Cancelled,324.32
52,23,33,45,28/04/2025,3817.25,Paid,Delivered,381.73
53,126,2,49,29/04/2025,6776.61,Paid,Cancelled,677.66
54,133,39,26,29/04/2025,6874.97,Pending,Delivered,687.5
55,129,32,17,29/04/2025,2241.36,Refunded,Cancelled,224.14
56,80,22,13,29/04/2025,6977.89,Paid,Delivered,697.79
57,197,8,16,29/04/2025,2243.32,Refunded,Cancelled,224.33
58,59,20,2,29/04/2025,6147.03,Refunded,Returned,614.7
59,22,14,10,29/04/2025,2546.9,Paid,Delivered,254.69
60,167,34,6,29/04/2025,1151.9,Paid,Cancelled,115.19
61,107,36,9,30/04/2025,2200.75,Paid,Delivered,220.08
62,120,29,22,30/04/2025,3060.72,Refunded,Delivered,306.07
63,105,4,56,30/04/2025,,Pending,Cancelled,
64,80,11,49,30/04/2025,4315.26,Paid,Returned,431.53
65,33,28,3,30/04/2025,6663.09,Paid,Returned,666.31
66,198,40,61,30/04/2025,4136.76,Paid,Cancelled,413.68
67,96,46,25,30/04/2025,6391.07,Paid,Returned,639.11
68,75,35,59,01/05/2025,2706.91,Paid,Cancelled,270.69
69,51,16,42,01/05/2025,6146.78,Pending,Cancelled,614.68
70,9,29,37,01/05/2025,6735.17,Pending,Delivered,673.52
71,143,34,6,02/05/2025,5502.47,Pending,Delivered,550.25
72,24,27,43,02/05/2025,3442.95,Pending,Delivered,344.3
73,175,42,64,02/05/2025,1674.57,Paid,Returned,167.46
74,126,21,22,03/05/2025,4896.43,Refunded,Cancelled,489.64
75,62,4,4,03/05/2025,4857.42,Refunded,Delivered,485.74
76,128,47,52,03/05/2025,,Refunded,Cancelled,
77,149,8,17,03/05/2025,2378.43,Refunded,Returned,237.84
78,96,40,16,03/05/2025,1614.85,Pending,Cancelled,161.49
79,111,18,37,03/05/2025,2419.05,Paid,Returned,241.91
80,35,24,51,03/05/2025,4287.88,Paid,Delivered,428.79
81,156,23,30,03/05/2025,,Paid,Returned,
82,93,15,57,03/05/2025,5924.89,Paid,Delivered,592.49
83,181,29,50,03/05/2025,5120.43,Paid,Delivered,512.04
84,138,42,48,04/05/2025,5724.79,Refunded,Returned,572.48
85,143,28,54,04/05/2025,6733.28,Refunded,Returned,673.33
86,123,18,25,04/05/2025,4672.48,Paid,Delivered,467.25
87,185,18,1,04/05/2025,1533.76,Refunded,Returned,153.38
88,183,36,35,05/05/2025,1148.1,Paid,Returned,114.81
89,40,3,11,05/05/2025,4526.1,Paid,Delivered,452.61
90,119,11,8,05/05/2025,5489.95,Refunded,Cancelled,549
91,34,19,59,05/05/2025,4969.97,Paid,Returned,497
92,48,9,9,05/05/2025,2606.86,Paid,Delivered,260.69
93,164,35,51,05/05/2025,5792.15,Paid,Delivered,579.22
94,113,1,23,05/05/2025,5871.22,Pending,Returned,587.12
95,133,41,50,05/05/2025,1036.72,Refunded,Delivered,103.67
96,73,49,21,06/05/2025,1369.72,Pending,Cancelled,136.97
97,6,45,62,06/05/2025,5388.6,Paid,Delivered,538.86
98,10,17,62,06/05/2025,2314.57,Paid,Returned,231.46
99,186,2,12,06/05/2025,1973.75,Pending,Delivered,197.38
100,154,26,50,06/05/2025,6990.66,Paid,Cancelled,699.07
101,17,31,62,06/05/2025,5634.4,Paid,Returned,563.44
102,12,33,37,06/05/2025,1432.05,Pending,Returned,143.21
103,199,33,49,06/05/2025,3585.45,Pending,Delivered,358.55
104,175,12,17,06/05/2025,2855.13,Pending,Cancelled,285.51
105,143,45,55,07/05/2025,1391.05,Pending,Returned,139.1
106,200,36,65,07/05/2025,6991.87,Paid,Cancelled,699.19
107,95,19,27,07/05/2025,4154.97,Paid,Returned,415.5
108,161,38,4,07/05/2025,5770.62,Paid,Cancelled,577.06
109,4,42,8,07/05/2025,4640.44,Pending,Delivered,464.04
110,123,35,28,07/05/2025,4284.93,Pending,Returned,428.49
111,64,48,36,07/05/2025,4720.53,Pending,Delivered,472.05
112,60,16,6,08/05/2025,5104.41,Paid,Delivered,510.44
113,99,10,59,08/05/2025,2922.27,Refunded,Delivered,292.23
114,170,33,4,08/05/2025,6823.05,Pending,Cancelled,682.31
115,138,25,22,08/05/2025,6386.44,Pending,Returned,638.64
116,109,18,12,08/05/2025,1078.25,Refunded,Cancelled,107.83
117,24,9,54,08/05/2025,,Pending,Returned,
118,12,3,60,08/05/2025,5857.97,Refunded,Cancelled,585.8
119,163,23,2,08/05/2025,3959.38,Pending,Cancelled,395.94
120,196,7,32,09/05/2025,2062.64,Paid,Delivered,206.26
121,147,16,12,09/05/2025,1057.87,Paid,Returned,105.79
122,99,42,56,09/05/2025,4589.42,Pending,Returned,458.94
123,72,22,53,09/05/2025,6850.78,Pending,Delivered,685.08
124,86,22,54,09/05/2025,1553.35,Paid,Returned,155.34
125,43,41,55,09/05/2025,1883.65,Paid,Delivered,188.37
126,95,23,24,09/05/2025,,Pending,Cancelled,
127,52,3,31,09/05/2025,1472.11,Pending,Returned,147.21
128,188,4,56,10/05/2025,5044.21,Refunded,Cancelled,504.42
129,129,13,10,10/05/2025,5009.89,Refunded,Cancelled,500.99
130,81,12,55,10/05/2025,5485.19,Paid,Returned,548.52
131,146,23,44,11/05/2025,6318.94,Paid,Delivered,631.89
132,65,35,12,11/05/2025,2472.34,Refunded,Returned,247.23
133,97,6,13,11/05/2025,1493.86,Refunded,Delivered,149.39
134,177,2,4,11/05/2025,2934.98,Refunded,Returned,293.5
135,148,27,61,11/05/2025,2262.5,Refunded,Cancelled,226.25
136,89,41,44,12/05/2025,3168.8,Refunded,Cancelled,316.88
137,76,36,59,12/05/2025,6334.91,Pending,Delivered,633.49
138,54,26,40,12/05/2025,2951.48,Pending,Delivered,295.15
139,183,8,34,12/05/2025,5740.7,Pending,Delivered,574.07
140,35,28,16,12/05/2025,2773.11,Paid,Cancelled,277.31
141,97,48,2,13/05/2025,4117.54,Pending,Cancelled,411.75
142,95,20,12,13/05/2025,5224.48,Paid,Cancelled,522.45
143,165,45,8,13/05/2025,1697.01,Pending,Delivered,169.7
144,21,24,58,13/05/2025,6496.9,Refunded,Cancelled,649.69
145,70,32,16,14/05/2025,2477.16,Pending,Delivered,247.72
146,119,6,18,14/05/2025,4567.89,Refunded,Delivered,456.79
147,26,24,15,14/05/2025,6847.83,Pending,Cancelled,684.78
148,103,30,19,14/05/2025,2628.99,Pending,Cancelled,262.9
149,115,14,30,15/05/2025,6083.69,Pending,Returned,608.37
150,77,36,39,15/05/2025,6371.95,Paid,Cancelled,637.2
151,1,29,42,15/05/2025,3392.94,Refunded,Cancelled,339.29
152,60,7,11,15/05/2025,3776.2,Refunded,Cancelled,377.62
153,83,18,20,15/05/2025,5075.07,Refunded,Returned,507.51
154,96,22,1,16/05/2025,3896.79,Refunded,Delivered,389.68
155,24,32,24,16/05/2025,4769.59,Pending,Returned,476.96
156,117,25,31,16/05/2025,3354.97,Refunded,Delivered,335.5
157,155,36,38,16/05/2025,3465.32,Pending,Delivered,346.53
158,18,25,4,16/05/2025,1474.39,Pending,Returned,147.44
159,25,38,1,17/05/2025,6348.41,Paid,Cancelled,634.84
160,164,37,37,17/05/2025,4235.38,Paid,Delivered,423.54
161,84,21,26,17/05/2025,2299.58,Paid,Cancelled,229.96
162,172,24,58,17/05/2025,,Paid,Returned,
163,180,19,7,17/05/2025,3378.94,Pending,Returned,337.89
164,157,12,60,17/05/2025,6886.33,Refunded,Delivered,688.63
165,102,6,54,18/05/2025,6943.02,Refunded,Delivered,694.3
166,28,22,54,18/05/2025,4298.44,Refunded,Returned,429.84
167,147,37,42,18/05/2025,3761.29,Pending,Delivered,376.13
168,77,5,28,18/05/2025,4518.99,Refunded,Delivered,451.9
169,72,45,32,19/05/2025,4983.21,Paid,Cancelled,498.32
170,48,38,53,19/05/2025,4358,Paid,Delivered,435.8
171,170,36,37,19/05/2025,6131.4,Pending,Returned,613.14
172,75,48,6,19/05/2025,2452.6,Refunded,Delivered,245.26
173,198,48,12,19/05/2025,1676.26,Pending,Delivered,167.63
174,38,8,6,19/05/2025,1089.42,Paid,Delivered,108.94
175,8,22,48,20/05/2025,2848.04,Pending,Cancelled,284.8
176,34,12,6,20/05/2025,4705.05,Paid,Cancelled,470.51
177,86,33,41,20/05/2025,3763.42,Pending,Cancelled,376.34
178,150,48,28,20/05/2025,6664.67,Paid,Cancelled,666.47
179,135,17,41,21/05/2025,3368.32,Paid,Delivered,336.83
180,151,32,60,21/05/2025,6483.58,Paid,Delivered,648.36
181,169,4,15,21/05/2025,4682.18,Refunded,Returned,468.22
182,45,20,17,21/05/2025,5030.49,Refunded,Delivered,503.05
183,11,45,58,22/05/2025,4977.78,Paid,Delivered,497.78
184,143,32,26,22/05/2025,4109.35,Paid,Cancelled,410.94
185,106,15,17,22/05/2025,6160.07,Refunded,Returned,616.01
186,1,18,45,22/05/2025,6626.13,Paid,Cancelled,662.61
187,161,48,2,22/05/2025,1216.69,Paid,Delivered,121.67
188,113,32,46,22/05/2025,5172.72,Paid,Delivered,517.27
189,109,27,44,23/05/2025,6657.44,Refunded,Cancelled,665.74
190,11,33,8,23/05/2025,3980.06,Paid,Delivered,398.01
191,191,47,38,23/05/2025,4118.08,Pending,Returned,411.81
192,60,5,31,23/05/2025,4855.9,Paid,Cancelled,485.59
193,149,36,32,23/05/2025,1895.44,Refunded,Delivered,189.54
194,196,29,25,23/05/2025,3782.17,Refunded,Delivered,378.22
195,150,7,29,23/05/2025,5607.43,Refunded,Delivered,560.74
196,25,49,6,24/05/2025,6281.39,Pending,Cancelled,628.14
197,27,44,57,24/05/2025,2324.39,Paid,Delivered,232.44
198,4,18,58,24/05/2025,6965.3,Pending,Cancelled,696.53
199,138,9,30,24/05/2025,4974.91,Paid,Delivered,497.49
200,23,39,33,25/05/2025,2996.82,Pending,Returned,299.68
201,48,46,12,25/05/2025,6588.46,Refunded,Returned,658.85
202,2,49,48,25/05/2025,6644.47,Pending,Cancelled,664.45
203,119,29,20,26/05/2025,5427.16,Pending,Cancelled,542.72
204,200,15,38,26/05/2025,5657.61,Pending,Cancelled,565.76
205,151,40,63,26/05/2025,3997.51,Refunded,Delivered,399.75
206,25,39,3,26/05/2025,,Pending,Cancelled,
207,100,36,10,27/05/2025,5002.49,Refunded,Delivered,500.25
208,156,39,65,27/05/2025,1441.01,Pending,Cancelled,144.1
209,24,39,15,27/05/2025,3386.92,Refunded,Delivered,338.69
210,167,30,44,27/05/2025,6219.22,Paid,Delivered,621.92
211,59,21,65,27/05/2025,2600.59,Paid,Cancelled,260.06
212,176,37,44,27/05/2025,1274.23,Pending,Delivered,127.42
213,190,40,53,27/05/2025,4836.82,Refunded,Cancelled,483.68
214,78,7,21,28/05/2025,1979.54,Paid,Returned,197.95
215,28,29,17,28/05/2025,5336.62,Pending,Cancelled,533.66
216,78,34,14,28/05/2025,5586.16,Pending,Delivered,558.62
217,112,26,56,28/05/2025,1473.6,Refunded,Delivered,147.36
218,61,37,14,28/05/2025,6854.72,Refunded,Returned,685.47
219,79,8,42,28/05/2025,1081.31,Refunded,Delivered,108.13
220,88,40,10,29/05/2025,4496.53,Pending,Returned,449.65
221,112,26,56,29/05/2025,,Pending,Cancelled,
222,112,33,64,29/05/2025,6022.27,Paid,Cancelled,602.23
223,7,17,10,29/05/2025,1153.87,Pending,Delivered,115.39
224,164,8,15,30/05/2025,6413.3,Pending,Delivered,641.33
225,128,28,56,30/05/2025,3924.05,Refunded,Delivered,392.41
226,94,17,62,30/05/2025,2011.25,Refunded,Returned,201.12
227,195,15,12,30/05/2025,1554.26,Refunded,Returned,155.43
228,111,10,9,30/05/2025,3842.38,Paid,Delivered,384.24
229,75,41,50,30/05/2025,3128.06,Pending,Cancelled,312.81
230,31,49,65,30/05/2025,5978.59,Paid,Cancelled,597.86
231,48,21,30,31/05/2025,3368.01,Refunded,Cancelled,336.8
232,139,40,3,31/05/2025,1547.07,Refunded,Returned,154.71
233,29,46,32,31/05/2025,4840.82,Paid,Delivered,484.08
234,78,35,18,31/05/2025,5547,Pending,Cancelled,554.7
235,121,12,65,31/05/2025,6517.25,Refunded,Cancelled,651.73
236,177,10,19,31/05/2025,6517.86,Refunded,Delivered,651.79
237,47,35,42,01/06/2025,6661.02,Pending,Returned,666.1
238,29,31,62,01/06/2025,1281.34,Refunded,Returned,128.13
239,127,18,8,01/06/2025,4594.4,Paid,Cancelled,459.44
240,119,45,61,01/06/2025,5223.87,Paid,Cancelled,522.39
241,127,34,46,01/06/2025,,Paid,Delivered,
242,178,6,64,01/06/2025,6450.6,Paid,Delivered,645.06
243,82,49,29,02/06/2025,5834.26,Pending,Delivered,583.43
244,179,44,49,02/06/2025,5728.42,Paid,Delivered,572.84
245,158,1,25,02/06/2025,6382.34,Pending,Delivered,638.23
246,26,9,34,02/06/2025,4944.74,Refunded,Cancelled,494.47
247,194,27,25,02/06/2025,5889.68,Paid,Delivered,588.97
248,71,4,59,02/06/2025,2267.63,Paid,Cancelled,226.76
249,150,8,63,03/06/2025,6413.57,Pending,Delivered,641.36
250,62,30,22,03/06/2025,6505.75,Pending,Delivered,650.58
251,146,40,25,03/06/2025,6343.24,Paid,Delivered,634.32
252,182,5,41,03/06/2025,1253.78,Refunded,Returned,125.38
253,40,33,62,03/06/2025,5822.23,Pending,Cancelled,582.22
254,60,48,6,04/06/2025,2175.14,Paid,Delivered,217.51
255,14,30,53,04/06/2025,6177.39,Refunded,Delivered,617.74
256,183,40,37,04/06/2025,4012.19,Pending,Returned,401.22
257,42,1,7,04/06/2025,4307.2,Refunded,Cancelled,430.72
258,81,8,18,05/06/2025,1737.5,Paid,Delivered,173.75
259,184,47,15,05/06/2025,6359.63,Refunded,Returned,635.96
260,169,43,51,05/06/2025,2757.1,Paid,Returned,275.71
261,151,8,35,05/06/2025,3308.84,Pending,Delivered,330.88
262,52,48,11,06/06/2025,1550.22,Paid,Delivered,155.02
263,21,22,22,06/06/2025,4890.91,Refunded,Returned,489.09
264,190,32,22,06/06/2025,1451.07,Paid,Returned,145.11
265,176,44,42,06/06/2025,4198.24,Pending,Returned,419.82
266,173,28,21,06/06/2025,1710.49,Paid,Cancelled,171.05
267,66,9,51,06/06/2025,2715.21,Pending,Returned,271.52
268,78,14,13,07/06/2025,1141.03,Paid,Cancelled,114.1
269,101,1,9,07/06/2025,5871.95,Pending,Cancelled,587.2
270,53,25,46,07/06/2025,6219.71,Refunded,Delivered,621.97
271,173,44,19,07/06/2025,5843.39,Pending,Returned,584.34
272,140,7,18,07/06/2025,6018.03,Paid,Delivered,601.8
273,31,10,36,07/06/2025,3543.17,Pending,Returned,354.32
274,18,29,50,08/06/2025,5747.69,Pending,Returned,574.77
275,31,19,8,08/06/2025,4141.01,Refunded,Cancelled,414.1
276,78,1,18,08/06/2025,3510.26,Paid,Cancelled,351.03
277,94,11,51,08/06/2025,3070.51,Paid,Delivered,307.05
278,55,40,50,08/06/2025,5950.15,Pending,Cancelled,595.01
279,137,17,9,08/06/2025,2190.64,Pending,Delivered,219.06
280,39,18,44,09/06/2025,1130.08,Pending,Delivered,113.01
281,71,30,36,09/06/2025,5237.78,Pending,Cancelled,523.78
282,101,30,51,09/06/2025,1842.12,Refunded,Cancelled,184.21
283,195,29,32,09/06/2025,6552.9,Refunded,Returned,655.29
284,28,48,27,10/06/2025,5558.56,Refunded,Returned,555.86
285,39,37,11,10/06/2025,6633.32,Pending,Cancelled,663.33
286,185,41,43,10/06/2025,3162.96,Paid,Cancelled,316.3
287,172,33,52,11/06/2025,2108.99,Paid,Cancelled,210.9
288,93,46,42,11/06/2025,5788.18,Refunded,Returned,578.82
289,191,44,55,11/06/2025,1239.62,Refunded,Returned,123.96
290,139,49,35,11/06/2025,6290.84,Pending,Cancelled,629.08
291,183,30,48,11/06/2025,3779.8,Pending,Delivered,377.98
292,107,11,55,11/06/2025,5374.97,Pending,Delivered,537.5
293,35,3,16,11/06/2025,3199.85,Pending,Returned,319.99
294,65,32,4,11/06/2025,1722.98,Paid,Cancelled,172.3
295,92,43,21,11/06/2025,5288.41,Paid,Delivered,528.84
296,116,29,51,11/06/2025,2457.38,Pending,Returned,245.74
297,111,44,30,12/06/2025,1299.99,Paid,Cancelled,130
298,39,28,33,12/06/2025,1003.4,Paid,Delivered,100.34
299,61,20,42,12/06/2025,2444.09,Paid,Returned,244.41
300,172,43,39,12/06/2025,6373.54,Refunded,Delivered,637.35
301,31,18,58,12/06/2025,1560.9,Paid,Returned,156.09
302,121,4,53,12/06/2025,2442.34,Refunded,Returned,244.23
303,62,14,28,12/06/2025,6818.39,Pending,Delivered,681.84
304,3,1,24,12/06/2025,5922.09,Paid,Returned,592.21
305,188,10,15,12/06/2025,1944.43,Refunded,Returned,194.44
306,52,48,20,13/06/2025,2845.37,Paid,Cancelled,284.54
307,22,49,21,13/06/2025,1439.28,Pending,Delivered,143.93
308,128,47,15,13/06/2025,3941.96,Pending,Delivered,394.2
309,189,42,1,13/06/2025,5294.04,Refunded,Returned,529.4
310,39,38,24,14/06/2025,1569.08,Pending,Cancelled,156.91
311,37,16,64,14/06/2025,3498.07,Paid,Cancelled,349.81
312,83,20,58,14/06/2025,4682.3,Paid,Delivered,468.23
313,165,29,23,14/06/2025,2857.01,Refunded,Delivered,285.7
314,97,8,25,14/06/2025,3684.94,Refunded,Returned,368.49
315,147,45,16,14/06/2025,5578.38,Refunded,Returned,557.84
316,123,3,6,15/06/2025,5551.17,Paid,Delivered,555.12
317,141,26,51,15/06/2025,4462.12,Refunded,Cancelled,446.21
318,1,25,15,15/06/2025,5502.03,Paid,Returned,550.2
319,162,42,1,15/06/2025,5207.21,Pending,Delivered,520.72
320,116,20,41,15/06/2025,2153.73,Refunded,Returned,215.37
321,17,41,52,15/06/2025,6552.04,Pending,Cancelled,655.2
322,91,36,52,15/06/2025,5107.61,Paid,Cancelled,510.76
323,200,10,29,15/06/2025,2846.29,Paid,Delivered,284.63
324,99,26,57,15/06/2025,5767.47,Refunded,Delivered,576.75
325,71,46,20,15/06/2025,6114.25,Paid,Returned,611.43
326,177,49,14,16/06/2025,4842.82,Pending,Delivered,484.28
327,176,24,14,16/06/2025,6162.7,Refunded,Delivered,616.27
328,106,34,14,16/06/2025,6038.41,Refunded,Delivered,603.84
329,149,45,48,16/06/2025,1123.07,Pending,Cancelled,112.31
330,178,15,46,16/06/2025,1775.22,Pending,Cancelled,177.52
331,123,7,15,17/06/2025,1228.19,Pending,Delivered,122.82
332,140,48,25,17/06/2025,4523.37,Paid,Returned,452.34
333,78,36,36,17/06/2025,2139.68,Refunded,Returned,213.97
334,11,12,52,17/06/2025,5326.74,Pending,Cancelled,532.67
335,109,44,8,17/06/2025,5995.14,Refunded,Returned,599.51
336,14,14,33,17/06/2025,5412.49,Pending,Cancelled,541.25
337,84,45,38,17/06/2025,5864.37,Paid,Returned,586.44
338,73,28,31,18/06/2025,2322.63,Refunded,Returned,232.26
339,113,15,55,18/06/2025,6248.4,Refunded,Delivered,624.84
340,147,18,32,18/06/2025,5985.5,Pending,Cancelled,598.55
341,36,17,49,18/06/2025,1218.58,Paid,Returned,121.86
342,39,7,21,19/06/2025,1551.16,Pending,Cancelled,155.12
343,172,18,25,19/06/2025,5138.05,Paid,Returned,513.81
344,193,18,46,19/06/2025,1910.22,Refunded,Returned,191.02
345,5,18,39,19/06/2025,6535.27,Refunded,Delivered,653.53
346,25,35,11,19/06/2025,3216.26,Refunded,Returned,321.63
347,91,43,28,19/06/2025,1890.15,Paid,Returned,189.02
348,22,49,9,20/06/2025,3615.69,Pending,Cancelled,361.57
349,62,4,10,20/06/2025,4234.02,Paid,Cancelled,423.4
350,186,34,27,21/06/2025,2301.76,Paid,Returned,230.18
351,106,21,60,21/06/2025,6208.18,Paid,Cancelled,620.82
352,46,10,24,21/06/2025,5721.45,Pending,Delivered,572.14
353,8,28,17,21/06/2025,6142.22,Pending,Cancelled,614.22
354,106,33,33,21/06/2025,1083.67,Paid,Delivered,108.37
355,163,47,62,21/06/2025,1400.01,Refunded,Delivered,140
356,115,24,54,22/06/2025,2256.74,Pending,Returned,225.67
357,182,38,31,22/06/2025,3931.53,Pending,Delivered,393.15
358,51,31,63,22/06/2025,1034.15,Refunded,Returned,103.42
359,73,28,23,22/06/2025,2507.69,Paid,Delivered,250.77
360,171,17,26,22/06/2025,5755.83,Paid,Cancelled,575.58
361,88,35,9,23/06/2025,4774.73,Pending,Cancelled,477.47
362,66,39,10,23/06/2025,1746.58,Pending,Returned,174.66
363,91,39,52,23/06/2025,4140.82,Pending,Delivered,414.08
364,30,26,25,23/06/2025,5147.8,Refunded,Delivered,514.78
365,55,7,40,23/06/2025,1493.01,Paid,Cancelled,149.3
366,87,49,16,23/06/2025,6059.85,Pending,Cancelled,605.99
367,154,35,49,23/06/2025,2050.18,Paid,Delivered,205.02
368,163,7,38,23/06/2025,6982.83,Pending,Returned,698.28
369,134,7,1,24/06/2025,6607.03,Refunded,Delivered,660.7
370,82,23,4,24/06/2025,5203.79,Pending,Returned,520.38
371,32,46,54,24/06/2025,4890.03,Pending,Delivered,489
372,95,7,5,24/06/2025,1070.19,Refunded,Cancelled,107.02
373,26,12,28,24/06/2025,6384.96,Pending,Delivered,638.5
374,9,44,55,24/06/2025,2833.02,Pending,Cancelled,283.3
375,187,24,61,25/06/2025,4462.26,Refunded,Returned,446.23
376,135,35,12,25/06/2025,2566.84,Refunded,Delivered,256.68
377,194,32,37,25/06/2025,2345.24,Paid,Cancelled,234.52
378,28,22,41,25/06/2025,6717.49,Paid,Returned,671.75
379,11,28,18,25/06/2025,3371.13,Paid,Returned,337.11
380,66,43,47,25/06/2025,2571.33,Paid,Returned,257.13
381,174,27,36,26/06/2025,4586.56,Refunded,Returned,458.66
382,149,17,51,26/06/2025,1025.71,Paid,Delivered,102.57
383,93,26,14,26/06/2025,1952.84,Refunded,Delivered,195.28
384,13,11,9,26/06/2025,1136.41,Refunded,Returned,113.64
385,115,1,9,26/06/2025,1990.86,Pending,Returned,199.09
386,101,41,49,26/06/2025,4275.49,Refunded,Returned,427.55
387,183,6,49,26/06/2025,2323.62,Refunded,Cancelled,232.36
388,52,21,57,26/06/2025,1786.14,Paid,Delivered,178.61
389,161,48,37,27/06/2025,4337.58,Refunded,Cancelled,433.76
390,108,6,43,27/06/2025,5446.57,Paid,Delivered,544.66
391,165,10,15,27/06/2025,5327.46,Refunded,Cancelled,532.75
392,112,15,22,27/06/2025,5282.18,Refunded,Returned,528.22
393,166,5,52,27/06/2025,2453.36,Refunded,Delivered,245.34
394,86,38,31,27/06/2025,5760.71,Paid,Cancelled,576.07
395,171,41,7,27/06/2025,1258.81,Pending,Delivered,125.88
396,104,9,56,27/06/2025,2062.16,Paid,Returned,206.22
397,185,47,47,27/06/2025,6497.49,Paid,Returned,649.75
398,62,31,65,27/06/2025,5166.33,Paid,Returned,516.63
399,6,28,62,28/06/2025,2968.92,Refunded,Cancelled,296.89
400,57,41,36,28/06/2025,1100.91,Pending,Cancelled,110.09
401,194,31,1,28/06/2025,,Pending,Delivered,
402,95,37,61,28/06/2025,3358.16,Refunded,Returned,335.82
403,81,23,52,29/06/2025,2492.59,Pending,Delivered,249.26
404,24,40,50,29/06/2025,3366.4,Paid,Delivered,336.64
405,62,1,59,29/06/2025,1820.25,Pending,Returned,182.03
406,60,21,61,30/06/2025,4329.97,Refunded,Cancelled,433
407,190,24,10,30/06/2025,3504.92,Paid,Cancelled,350.49
408,76,10,56,30/06/2025,6226.05,Paid,Delivered,622.61
409,132,39,64,30/06/2025,6443.84,Refunded,Delivered,644.38
410,20,7,19,30/06/2025,1551.41,Refunded,Returned,155.14
411,89,9,33,30/06/2025,6739.3,Paid,Cancelled,673.93
412,65,6,36,30/06/2025,3923.65,Pending,Returned,392.37
413,184,45,51,01/07/2025,4217.56,Pending,Returned,421.76
414,122,37,50,01/07/2025,5113.66,Pending,Cancelled,511.37
415,142,13,63,01/07/2025,2600.04,Pending,Returned,260
416,89,40,42,01/07/2025,3207.81,Refunded,Returned,320.78
417,39,45,14,01/07/2025,6702.32,Paid,Delivered,670.23
418,184,48,7,02/07/2025,3184.21,Refunded,Cancelled,318.42
419,14,37,23,02/07/2025,4287.63,Pending,Delivered,428.76
420,97,9,1,02/07/2025,3764.64,Pending,Returned,376.46
421,53,27,15,02/07/2025,1844.19,Pending,Delivered,184.42
422,39,14,63,02/07/2025,6715.28,Pending,Cancelled,671.53
423,21,12,44,02/07/2025,3219.63,Refunded,Returned,321.96
424,156,12,1,02/07/2025,3181.54,Pending,Returned,318.15
425,101,25,20,03/07/2025,4033.57,Paid,Delivered,403.36
426,172,13,42,03/07/2025,5268.45,Paid,Cancelled,526.85
427,177,22,5,03/07/2025,5120.96,Paid,Cancelled,512.1
428,145,38,9,03/07/2025,2714.59,Paid,Delivered,271.46
429,109,29,57,03/07/2025,4858.87,Paid,Returned,485.89
430,57,11,51,03/07/2025,2482.81,Paid,Returned,248.28
431,67,14,19,04/07/2025,1151.7,Refunded,Returned,115.17
432,63,10,13,04/07/2025,3244.21,Pending,Cancelled,324.42
433,92,33,40,04/07/2025,4920.94,Pending,Cancelled,492.09
434,63,20,55,04/07/2025,1233.63,Paid,Delivered,123.36
435,140,44,24,04/07/2025,2150.03,Refunded,Delivered,215
436,85,37,14,04/07/2025,1127.64,Refunded,Cancelled,112.76
437,190,2,56,05/07/2025,1863.9,Pending,Cancelled,186.39
438,49,25,11,05/07/2025,4574.08,Paid,Returned,457.41
439,74,49,33,05/07/2025,4936.16,Pending,Cancelled,493.62
440,3,48,3,06/07/2025,3284.03,Pending,Cancelled,328.4
441,3,18,1,06/07/2025,3670.36,Refunded,Returned,367.04
442,198,3,16,06/07/2025,1851.03,Pending,Delivered,185.1
443,46,25,6,06/07/2025,2096.07,Pending,Returned,209.61
444,43,24,36,06/07/2025,,Pending,Delivered,
445,148,25,51,06/07/2025,6065.44,Paid,Delivered,606.54
446,78,35,42,07/07/2025,6132.27,Pending,Returned,613.23
447,145,13,45,07/07/2025,2151.08,Pending,Returned,215.11
448,159,36,57,08/07/2025,6581.86,Pending,Returned,658.19
449,36,13,41,08/07/2025,3452.01,Refunded,Cancelled,345.2
450,152,48,55,08/07/2025,2004.92,Paid,Delivered,200.49
451,30,20,41,08/07/2025,2280.95,Paid,Cancelled,228.09
452,153,33,30,09/07/2025,6560.92,Pending,Delivered,656.09
453,156,37,30,09/07/2025,,Refunded,Delivered,
454,102,14,54,09/07/2025,2491.32,Refunded,Returned,249.13
455,129,13,27,10/07/2025,1262.55,Paid,Delivered,126.25
456,4,48,12,10/07/2025,4528.83,Pending,Returned,452.88
457,3,20,18,10/07/2025,6524.39,Pending,Delivered,652.44
458,61,28,58,10/07/2025,1274.75,Refunded,Cancelled,127.48
459,148,35,27,10/07/2025,4335.66,Pending,Cancelled,433.57
460,12,27,61,10/07/2025,3839.65,Paid,Delivered,383.97
461,186,16,38,10/07/2025,4899.25,Refunded,Delivered,489.93
462,91,7,9,11/07/2025,5236.14,Refunded,Cancelled,523.61
463,179,13,17,11/07/2025,5689.57,Refunded,Delivered,568.96
464,42,38,17,11/07/2025,6736.63,Paid,Delivered,673.66
465,142,35,19,11/07/2025,5411.17,Pending,Cancelled,541.12
466,198,30,50,11/07/2025,4855.16,Paid,Delivered,485.52
467,109,47,11,11/07/2025,3765.4,Refunded,Cancelled,376.54
468,39,18,30,11/07/2025,3217.4,Paid,Cancelled,321.74
469,53,32,50,12/07/2025,3747.31,Pending,Returned,374.73
470,83,29,18,12/07/2025,5471.69,Refunded,Cancelled,547.17
471,134,39,29,12/07/2025,5020.88,Refunded,Cancelled,502.09
472,37,16,22,12/07/2025,4919.92,Refunded,Delivered,491.99
473,80,45,12,12/07/2025,3041.71,Pending,Cancelled,304.17
474,33,7,34,12/07/2025,3234.33,Paid,Cancelled,323.43
475,6,1,7,13/07/2025,6115.61,Pending,Cancelled,611.56
476,104,9,7,13/07/2025,3003.95,Pending,Cancelled,300.39
477,118,43,11,14/07/2025,4307.64,Paid,Returned,430.76
478,41,13,33,14/07/2025,2174.63,Pending,Cancelled,217.46
479,107,6,63,14/07/2025,1889.01,Paid,Delivered,188.9
480,4,16,49,14/07/2025,3833.64,Refunded,Cancelled,383.36
481,169,24,2,14/07/2025,4234.45,Pending,Delivered,423.44
482,31,6,55,14/07/2025,1152.37,Paid,Delivered,115.24
483,119,46,30,14/07/2025,1478.25,Paid,Cancelled,147.83
484,118,25,21,14/07/2025,2968.55,Paid,Delivered,296.86
485,100,30,47,15/07/2025,2956.07,Pending,Delivered,295.61
486,68,29,56,15/07/2025,1242.73,Refunded,Returned,124.27
487,25,30,49,15/07/2025,2448.27,Pending,Delivered,244.83
488,16,1,15,15/07/2025,6861.02,Refunded,Cancelled,686.1
489,63,40,22,15/07/2025,1955.15,Pending,Returned,195.52
490,46,8,58,15/07/2025,1728.63,Refunded,Cancelled,172.86
491,11,24,3,15/07/2025,2425.89,Pending,Cancelled,242.59
492,161,34,18,15/07/2025,6159.06,Refunded,Returned,615.91
493,21,21,15,15/07/2025,2287.59,Refunded,Delivered,228.76
494,87,6,53,16/07/2025,5505.1,Pending,Cancelled,550.51
495,4,27,14,16/07/2025,2238,Paid,Delivered,223.8
496,102,34,62,16/07/2025,6028.39,Refunded,Delivered,602.84
497,136,29,25,16/07/2025,2790.64,Pending,Returned,279.06
498,145,40,56,16/07/2025,1179.64,Paid,Cancelled,117.96
499,140,37,14,16/07/2025,3429.41,Pending,Delivered,342.94
500,8,47,14,16/07/2025,5225.82,Pending,Delivered,522.58
501,56,27,18,16/07/2025,6645.03,Refunded,Returned,664.5
502,166,6,37,17/07/2025,3711.18,Refunded,Returned,371.12
503,132,5,55,17/07/2025,6933.39,Pending,Cancelled,693.34
504,45,35,46,17/07/2025,5559.79,Paid,Cancelled,555.98
505,1,44,8,17/07/2025,,Refunded,Returned,
506,162,32,32,17/07/2025,1766.92,Pending,Returned,176.69
507,88,17,23,18/07/2025,3772.21,Refunded,Delivered,377.22
508,152,13,47,18/07/2025,5329.45,Paid,Returned,532.95
509,179,25,6,18/07/2025,1680.33,Pending,Delivered,168.03
510,51,25,45,18/07/2025,5255.12,Refunded,Cancelled,525.51
511,7,47,20,19/07/2025,,Pending,Cancelled,
512,23,9,41,20/07/2025,5289.51,Paid,Delivered,528.95
513,99,10,21,20/07/2025,4479.98,Paid,Returned,448
514,129,21,33,21/07/2025,5781.5,Pending,Delivered,578.15
515,152,28,24,21/07/2025,3721.21,Paid,Returned,372.12
516,22,37,51,21/07/2025,3170.02,Pending,Returned,317
517,82,11,27,21/07/2025,5893.87,Refunded,Cancelled,589.39
518,4,33,8,22/07/2025,3435.18,Pending,Cancelled,343.52
519,185,11,42,23/07/2025,1230.58,Paid,Returned,123.06
520,92,48,62,23/07/2025,3998.17,Pending,Cancelled,399.82
521,196,27,11,23/07/2025,3789.64,Paid,Cancelled,378.96
522,84,36,62,23/07/2025,1850.52,Refunded,Cancelled,185.05
523,41,7,7,23/07/2025,2291.85,Paid,Cancelled,229.19
524,186,42,16,23/07/2025,2950.67,Pending,Cancelled,295.07
525,108,49,17,23/07/2025,5333.5,Refunded,Cancelled,533.35
526,144,46,51,23/07/2025,3194.83,Refunded,Cancelled,319.48
527,145,41,58,23/07/2025,3539.13,Pending,Returned,353.91
528,117,31,21,24/07/2025,4951.61,Pending,Returned,495.16
529,45,38,52,24/07/2025,3804.91,Pending,Cancelled,380.49
530,77,22,50,24/07/2025,2250.69,Pending,Returned,225.07
531,87,12,64,24/07/2025,,Paid,Cancelled,
532,114,39,27,24/07/2025,1867.09,Paid,Returned,186.71
533,139,12,44,24/07/2025,2609.93,Paid,Returned,260.99
534,11,10,40,24/07/2025,4834.99,Refunded,Returned,483.5
535,89,44,38,24/07/2025,3916.64,Paid,Cancelled,391.66
536,51,26,38,25/07/2025,5635.35,Pending,Delivered,563.54
537,136,10,52,25/07/2025,4378.01,Paid,Cancelled,437.8
538,64,34,25,25/07/2025,5309.09,Paid,Returned,530.91
539,172,6,61,25/07/2025,2846.38,Pending,Cancelled,284.64
540,7,4,9,25/07/2025,4166.87,Refunded,Returned,416.69
541,143,15,43,25/07/2025,3124.26,Pending,Returned,312.43
542,13,19,49,25/07/2025,5094.45,Pending,Returned,509.44
543,19,31,39,25/07/2025,6191.13,Paid,Delivered,619.11
544,7,9,41,26/07/2025,6938.57,Refunded,Delivered,693.86
545,147,23,47,26/07/2025,1122.96,Pending,Returned,112.3
546,77,8,53,26/07/2025,3255.67,Pending,Delivered,325.57
547,145,23,13,26/07/2025,,Pending,Returned,
548,93,49,50,26/07/2025,5366.13,Pending,Returned,536.61
549,162,34,24,26/07/2025,1088.16,Paid,Returned,108.82
550,46,21,30,26/07/2025,6526.82,Refunded,Cancelled,652.68
551,81,33,13,27/07/2025,5501.15,Refunded,Cancelled,550.12
552,114,29,20,27/07/2025,6103.52,Pending,Delivered,610.35
553,200,16,63,27/07/2025,2313.24,Refunded,Returned,231.32
554,157,35,64,27/07/2025,4251.86,Refunded,Returned,425.19
555,172,36,62,27/07/2025,1730.22,Refunded,Delivered,173.02
556,76,13,48,27/07/2025,5781.16,Pending,Delivered,578.12
557,101,30,6,27/07/2025,2403.21,Pending,Delivered,240.32
558,74,41,23,28/07/2025,6994.84,Paid,Cancelled,699.48
559,129,21,42,28/07/2025,5535.78,Refunded,Cancelled,553.58
560,24,23,23,28/07/2025,5839.61,Refunded,Cancelled,583.96
561,124,12,44,28/07/2025,2006.08,Refunded,Delivered,200.61
562,84,35,47,28/07/2025,2841.67,Paid,Delivered,284.17
563,165,20,28,29/07/2025,1847.99,Paid,Returned,184.8
564,8,13,48,29/07/2025,3698.97,Paid,Returned,369.9
565,11,24,36,29/07/2025,2685,Refunded,Cancelled,268.5
566,1,40,28,29/07/2025,3207.43,Pending,Delivered,320.74
567,114,39,37,29/07/2025,1973.87,Refunded,Cancelled,197.39
568,190,37,35,29/07/2025,5981.85,Paid,Delivered,598.19
569,141,32,4,29/07/2025,6519.7,Paid,Returned,651.97
570,71,46,7,29/07/2025,3160.64,Refunded,Cancelled,316.06
571,67,7,16,30/07/2025,5937.26,Paid,Delivered,593.73
572,95,33,22,30/07/2025,2276.67,Refunded,Delivered,227.67
573,57,29,31,30/07/2025,1013.5,Paid,Delivered,101.35
574,29,36,62,30/07/2025,6456,Refunded,Returned,645.6
575,53,24,50,30/07/2025,6307.24,Paid,Delivered,630.72
576,83,4,19,30/07/2025,2764.1,Paid,Delivered,276.41
577,190,7,9,30/07/2025,3643.25,Refunded,Cancelled,364.33
578,91,6,47,30/07/2025,1956.73,Refunded,Delivered,195.67
579,137,4,35,30/07/2025,5102.05,Pending,Cancelled,510.21
580,182,35,30,31/07/2025,1750.15,Refunded,Cancelled,175.02
581,137,21,1,31/07/2025,4861.3,Refunded,Returned,486.13
582,61,33,45,31/07/2025,1976.74,Paid,Cancelled,197.67
583,66,21,13,31/07/2025,2994.7,Refunded,Delivered,299.47
584,169,31,40,31/07/2025,1806.02,Pending,Returned,180.6
585,23,22,24,31/07/2025,4575.67,Pending,Cancelled,457.57
586,102,38,28,01/08/2025,3580.63,Paid,Cancelled,358.06
587,127,45,55,01/08/2025,5084.47,Paid,Cancelled,508.45
588,123,45,8,01/08/2025,6165.42,Pending,Delivered,616.54
589,39,27,8,01/08/2025,6172.27,Refunded,Cancelled,617.23
590,46,47,46,01/08/2025,1342.96,Paid,Returned,134.3
591,15,8,9,02/08/2025,4108.28,Paid,Returned,410.83
592,128,20,39,02/08/2025,1136.39,Pending,Cancelled,113.64
593,44,48,31,02/08/2025,1031.72,Refunded,Cancelled,103.17
594,134,37,40,02/08/2025,2785.52,Paid,Delivered,278.55
595,83,15,6,02/08/2025,6128.88,Refunded,Delivered,612.89
596,25,30,65,02/08/2025,5673.48,Refunded,Returned,567.35
597,141,48,18,02/08/2025,1276.72,Paid,Returned,127.67
598,145,36,8,02/08/2025,4733.31,Paid,Returned,473.33
599,51,33,6,02/08/2025,3717.78,Paid,Delivered,371.78
600,103,44,42,02/08/2025,2129.8,Pending,Delivered,212.98
601,12,14,60,03/08/2025,4209.88,Refunded,Delivered,420.99
602,2,32,28,03/08/2025,6324.81,Paid,Delivered,632.48
603,36,47,52,03/08/2025,5028.36,Refunded,Delivered,502.84
604,148,37,28,03/08/2025,6289.35,Paid,Returned,628.94
605,44,7,12,03/08/2025,1329.53,Paid,Returned,132.95
606,54,26,54,04/08/2025,3763.49,Pending,Cancelled,376.35
607,96,42,44,04/08/2025,5498.4,Paid,Cancelled,549.84
608,15,18,52,04/08/2025,3553.38,Pending,Cancelled,355.34
609,16,1,21,04/08/2025,5557.28,Refunded,Delivered,555.73
610,167,11,12,04/08/2025,5095.82,Refunded,Returned,509.58
611,163,35,14,05/08/2025,3841.95,Pending,Cancelled,384.19
612,48,7,40,06/08/2025,2507.01,Pending,Returned,250.7
613,114,39,9,06/08/2025,1132.33,Paid,Delivered,113.23
614,170,13,16,06/08/2025,1158.82,Pending,Delivered,115.88
615,11,19,43,07/08/2025,1658.05,Paid,Delivered,165.81
616,68,8,13,07/08/2025,2907.3,Paid,Delivered,290.73
617,47,49,58,07/08/2025,6786,Pending,Returned,678.6
618,32,29,63,08/08/2025,5581.84,Paid,Returned,558.18
619,8,22,50,08/08/2025,1621.42,Refunded,Cancelled,162.14
620,185,47,11,08/08/2025,3557.19,Refunded,Delivered,355.72
621,143,40,56,08/08/2025,3985.02,Paid,Cancelled,398.5
622,177,3,56,08/08/2025,6834.66,Refunded,Cancelled,683.47
623,198,36,25,08/08/2025,3518.14,Paid,Cancelled,351.81
624,103,24,2,09/08/2025,5748.25,Refunded,Delivered,574.83
625,1,16,40,09/08/2025,4477.83,Refunded,Cancelled,447.78
626,115,28,12,09/08/2025,2529.55,Paid,Cancelled,252.96
627,126,32,36,09/08/2025,1293.6,Paid,Cancelled,129.36
628,111,33,24,09/08/2025,4432.25,Pending,Returned,443.23
629,28,8,65,09/08/2025,2268.62,Pending,Cancelled,226.86
630,37,2,30,10/08/2025,2517.52,Pending,Cancelled,251.75
631,191,38,49,10/08/2025,6004.55,Pending,Delivered,600.46
632,76,14,47,10/08/2025,2536.2,Paid,Cancelled,253.62
633,171,9,24,10/08/2025,6406.7,Refunded,Cancelled,640.67
634,89,42,34,10/08/2025,4802.3,Refunded,Cancelled,480.23
635,19,35,50,10/08/2025,3865,Paid,Returned,386.5
636,150,32,30,11/08/2025,5850.51,Paid,Delivered,585.05
637,169,34,36,11/08/2025,4978.72,Refunded,Delivered,497.87
638,176,14,26,11/08/2025,5723.27,Refunded,Delivered,572.33
639,109,24,63,11/08/2025,3039.5,Paid,Returned,303.95
640,150,37,24,12/08/2025,6363.93,Pending,Returned,636.39
641,141,6,27,12/08/2025,1954.36,Pending,Delivered,195.44
642,134,24,4,12/08/2025,3420.47,Refunded,Cancelled,342.05
643,170,37,28,12/08/2025,3549.32,Refunded,Cancelled,354.93
644,46,16,52,12/08/2025,3342.98,Paid,Returned,334.3
645,90,35,46,12/08/2025,3555.45,Pending,Returned,355.55
646,36,13,20,12/08/2025,2712.8,Refunded,Returned,271.28
647,10,48,55,12/08/2025,2162.54,Refunded,Delivered,216.25
648,31,42,37,13/08/2025,1172.9,Refunded,Returned,117.29
649,166,45,9,13/08/2025,5278.42,Paid,Cancelled,527.84
650,78,42,29,13/08/2025,2205.54,Pending,Cancelled,220.55
651,174,34,43,13/08/2025,1944.38,Refunded,Returned,194.44
652,142,15,13,13/08/2025,3391.83,Paid,Cancelled,339.18
653,123,22,10,13/08/2025,1320.37,Refunded,Cancelled,132.04
654,51,28,6,14/08/2025,6784.86,Refunded,Returned,678.49
655,199,23,23,14/08/2025,3297.59,Refunded,Delivered,329.76
656,73,44,43,14/08/2025,3004.5,Refunded,Returned,300.45
657,155,25,22,14/08/2025,2138.64,Paid,Cancelled,213.86
658,60,29,59,15/08/2025,,Pending,Cancelled,
659,62,9,37,15/08/2025,6844.65,Paid,Cancelled,684.47
660,50,47,47,16/08/2025,4289.23,Pending,Cancelled,428.92
661,91,27,60,16/08/2025,2946.21,Pending,Cancelled,294.62
662,21,34,63,16/08/2025,4615.6,Refunded,Cancelled,461.56
663,69,12,16,16/08/2025,4320.63,Pending,Returned,432.06
664,156,24,36,16/08/2025,2474.73,Paid,Returned,247.47
665,73,9,9,16/08/2025,4637.01,Pending,Delivered,463.7
666,38,15,57,16/08/2025,3717.8,Refunded,Cancelled,371.78
667,89,26,14,17/08/2025,4268.11,Paid,Cancelled,426.81
668,172,21,17,17/08/2025,3974.49,Refunded,Cancelled,397.45
669,36,2,28,17/08/2025,1305.88,Pending,Returned,130.59
670,155,46,24,18/08/2025,2728.38,Refunded,Returned,272.84
671,125,25,18,18/08/2025,3022.45,Refunded,Cancelled,302.25
672,35,11,7,18/08/2025,1935.46,Paid,Delivered,193.55
673,39,4,1,18/08/2025,2065.44,Paid,Cancelled,206.54
674,27,41,3,18/08/2025,2310.51,Refunded,Delivered,231.05
675,65,7,51,18/08/2025,4205.09,Paid,Cancelled,420.51
676,160,21,58,19/08/2025,3031.72,Paid,Cancelled,303.17
677,83,41,25,19/08/2025,5905.31,Refunded,Cancelled,590.53
678,37,24,8,19/08/2025,2479.51,Refunded,Delivered,247.95
679,31,41,4,19/08/2025,2047.49,Paid,Delivered,204.75
680,151,41,9,19/08/2025,5977.32,Pending,Cancelled,597.73
681,159,14,54,19/08/2025,5367.05,Refunded,Delivered,536.71
682,188,6,19,19/08/2025,2213.11,Pending,Returned,221.31
683,193,11,63,20/08/2025,4364.98,Pending,Returned,436.5
684,198,18,37,20/08/2025,2216.19,Pending,Delivered,221.62
685,49,43,61,20/08/2025,3872.41,Paid,Delivered,387.24
686,142,31,6,20/08/2025,1406.53,Pending,Delivered,140.65
687,134,45,25,20/08/2025,6946.68,Refunded,Cancelled,694.67
688,100,18,21,20/08/2025,2323.39,Paid,Delivered,232.34
689,46,12,45,20/08/2025,3785.57,Pending,Returned,378.56
690,124,38,18,20/08/2025,1627.92,Pending,Returned,162.79
691,177,21,31,21/08/2025,3612.01,Paid,Returned,361.2
692,93,36,35,21/08/2025,1814,Paid,Returned,181.4
693,28,31,51,21/08/2025,5265.8,Refunded,Delivered,526.58
694,151,33,7,21/08/2025,2658.18,Refunded,Returned,265.82
695,198,24,1,21/08/2025,1395.47,Pending,Returned,139.55
696,175,1,1,21/08/2025,,Pending,Returned,
697,181,6,18,22/08/2025,2780.79,Refunded,Delivered,278.08
698,9,4,53,22/08/2025,4416.37,Refunded,Delivered,441.64
699,27,16,1,22/08/2025,5014.01,Paid,Returned,501.4
700,190,15,43,23/08/2025,1701.53,Refunded,Cancelled,170.15
701,46,3,55,23/08/2025,6101.47,Paid,Delivered,610.15
702,139,31,37,23/08/2025,4133.33,Paid,Delivered,413.33
703,89,2,12,23/08/2025,5349.93,Pending,Cancelled,534.99
704,108,11,44,23/08/2025,5706.37,Refunded,Returned,570.64
705,93,34,36,23/08/2025,2801.42,Pending,Delivered,280.14
706,165,44,22,23/08/2025,2018.33,Paid,Returned,201.83
707,10,7,2,23/08/2025,1748.09,Pending,Delivered,174.81
708,5,33,38,24/08/2025,1141.08,Refunded,Returned,114.11
709,39,35,55,24/08/2025,6379.49,Refunded,Returned,637.95
710,152,9,61,24/08/2025,4321.51,Refunded,Returned,432.15
711,148,47,25,24/08/2025,4285.38,Paid,Cancelled,428.54
712,195,16,43,24/08/2025,2365.47,Refunded,Delivered,236.55
713,24,41,26,24/08/2025,2300.69,Pending,Returned,230.07
714,133,37,26,24/08/2025,6965.15,Paid,Returned,696.51
715,91,28,6,24/08/2025,6397.52,Refunded,Delivered,639.75
716,62,39,37,25/08/2025,5638.6,Pending,Returned,563.86
717,165,45,13,25/08/2025,4638.9,Refunded,Cancelled,463.89
718,65,25,24,25/08/2025,3781.02,Pending,Returned,378.1
719,79,39,7,25/08/2025,6933.21,Paid,Returned,693.32
720,22,49,65,25/08/2025,5550.39,Pending,Cancelled,555.04
721,197,18,3,26/08/2025,4027.06,Paid,Cancelled,402.71
722,45,49,37,26/08/2025,4729.93,Paid,Cancelled,472.99
723,26,6,48,26/08/2025,5891.71,Pending,Returned,589.17
724,16,29,24,27/08/2025,1037.88,Paid,Delivered,103.79
725,176,9,4,27/08/2025,3666.58,Refunded,Delivered,366.66
726,92,31,52,27/08/2025,6515.65,Paid,Delivered,651.57
727,98,31,6,27/08/2025,3608.14,Paid,Delivered,360.81
728,139,28,33,27/08/2025,6814.39,Refunded,Delivered,681.44
729,190,12,56,27/08/2025,5785.06,Pending,Cancelled,578.51
730,22,43,41,28/08/2025,6374.91,Paid,Delivered,637.49
731,117,36,36,28/08/2025,4404.72,Paid,Cancelled,440.47
732,36,32,44,28/08/2025,3023.71,Refunded,Returned,302.37
733,172,6,21,28/08/2025,,Pending,Returned,
734,142,30,6,28/08/2025,2124.63,Refunded,Cancelled,212.46
735,94,17,25,29/08/2025,2681.48,Refunded,Delivered,268.15
736,195,5,62,29/08/2025,6939.2,Paid,Returned,693.92
737,2,9,47,29/08/2025,6908.74,Refunded,Delivered,690.87
738,80,4,13,29/08/2025,1828.61,Refunded,Cancelled,182.86
739,189,9,7,30/08/2025,2078.76,Paid,Delivered,207.88
740,57,45,12,30/08/2025,1886.93,Pending,Delivered,188.69
741,95,16,65,30/08/2025,2070.73,Pending,Cancelled,207.07
742,112,48,6,30/08/2025,5162.12,Paid,Returned,516.21
743,43,31,52,30/08/2025,5237,Refunded,Cancelled,523.7
744,105,20,22,31/08/2025,1400.67,Paid,Returned,140.07
745,73,20,37,31/08/2025,4148.75,Pending,Cancelled,414.88
746,131,1,15,01/09/2025,4995.47,Refunded,Returned,499.55
747,13,17,11,01/09/2025,6592.06,Pending,Delivered,659.21
748,194,26,52,01/09/2025,3799.72,Refunded,Returned,379.97
749,85,41,42,01/09/2025,1933.59,Refunded,Returned,193.36
750,44,5,46,01/09/2025,5714.06,Refunded,Returned,571.41
751,55,47,17,01/09/2025,5486.64,Paid,Cancelled,548.66
752,89,48,31,02/09/2025,1041.9,Refunded,Cancelled,104.19
753,157,8,17,02/09/2025,2691.38,Refunded,Cancelled,269.14
754,130,18,51,02/09/2025,6961.79,Refunded,Returned,696.18
755,110,1,61,02/09/2025,1391.77,Pending,Cancelled,139.18
756,136,12,64,02/09/2025,1020.23,Paid,Cancelled,102.02
757,78,9,39,02/09/2025,6827.65,Pending,Delivered,682.76
758,69,35,52,03/09/2025,5180.13,Paid,Returned,518.01
759,142,10,49,03/09/2025,5353.69,Refunded,Returned,535.37
760,171,4,47,03/09/2025,2415.1,Paid,Cancelled,241.51
761,175,2,4,03/09/2025,4873.7,Refunded,Delivered,487.37
762,182,49,34,03/09/2025,6157.18,Pending,Cancelled,615.72
763,123,10,59,04/09/2025,6276.67,Paid,Delivered,627.67
764,119,18,50,04/09/2025,4922.21,Paid,Cancelled,492.22
765,107,49,58,04/09/2025,3653.21,Pending,Delivered,365.32
766,22,29,3,04/09/2025,4021.9,Refunded,Cancelled,402.19
767,117,33,33,04/09/2025,5412.05,Refunded,Returned,541.21
768,92,10,57,04/09/2025,1377.29,Pending,Cancelled,137.73
769,196,19,40,05/09/2025,5149.34,Refunded,Delivered,514.93
770,12,31,36,05/09/2025,2002.23,Refunded,Returned,200.22
771,184,17,39,05/09/2025,4020.28,Refunded,Cancelled,402.03
772,187,1,5,05/09/2025,6621.5,Pending,Delivered,662.15
773,186,22,23,06/09/2025,4936.62,Paid,Returned,493.66
774,152,49,46,06/09/2025,5059.33,Pending,Returned,505.93
775,30,33,23,06/09/2025,5089.19,Pending,Cancelled,508.92
776,61,28,37,06/09/2025,6208.47,Paid,Delivered,620.85
777,42,28,6,06/09/2025,1078.77,Paid,Returned,107.88
778,67,39,6,06/09/2025,4246.25,Refunded,Delivered,424.62
779,18,18,14,07/09/2025,4211.34,Paid,Delivered,421.13
780,71,20,11,07/09/2025,6611.26,Refunded,Returned,661.13
781,89,11,29,07/09/2025,1036.72,Paid,Cancelled,103.67
782,126,11,27,08/09/2025,3779.12,Paid,Returned,377.91
783,18,16,37,09/09/2025,1966.59,Refunded,Cancelled,196.66
784,169,35,48,09/09/2025,2578.04,Paid,Returned,257.8
785,66,7,19,09/09/2025,2341.75,Paid,Delivered,234.18
786,90,23,58,09/09/2025,5175.63,Paid,Returned,517.56
787,101,17,16,09/09/2025,6491.41,Refunded,Delivered,649.14
788,117,49,6,09/09/2025,4543.8,Refunded,Cancelled,454.38
789,134,14,55,09/09/2025,5428.93,Refunded,Delivered,542.89
790,60,35,56,09/09/2025,4332.52,Refunded,Returned,433.25
791,91,42,29,09/09/2025,5066.63,Refunded,Delivered,506.66
792,159,27,21,10/09/2025,4313.93,Pending,Returned,431.39
793,84,23,62,10/09/2025,1876.72,Pending,Cancelled,187.67
794,12,37,56,10/09/2025,6712.88,Pending,Delivered,671.29
795,8,27,9,10/09/2025,1509.06,Paid,Returned,150.91
796,19,14,2,10/09/2025,3891.57,Pending,Delivered,389.16
797,133,17,50,10/09/2025,2946.26,Refunded,Cancelled,294.63
798,179,38,61,10/09/2025,1360.85,Refunded,Delivered,136.09
799,31,15,5,11/09/2025,4273.5,Paid,Returned,427.35
800,177,9,48,11/09/2025,6822.58,Paid,Delivered,682.26
801,177,5,14,11/09/2025,6375.55,Paid,Cancelled,637.56
802,140,29,42,11/09/2025,6164.22,Paid,Delivered,616.42
803,175,39,9,12/09/2025,2574.62,Pending,Cancelled,257.46
804,14,42,30,12/09/2025,6341.24,Pending,Delivered,634.12
805,124,46,35,12/09/2025,3754.48,Pending,Delivered,375.45
806,191,26,54,12/09/2025,2987.28,Paid,Delivered,298.73
807,104,2,9,12/09/2025,6742.92,Paid,Delivered,674.29
808,197,45,54,12/09/2025,3047.78,Pending,Delivered,304.78
809,176,17,52,12/09/2025,1902.04,Paid,Returned,190.2
810,133,33,65,12/09/2025,3630.22,Refunded,Delivered,363.02
811,56,43,25,12/09/2025,,Pending,Cancelled,
812,154,22,21,13/09/2025,1837.13,Paid,Returned,183.71
813,7,11,12,13/09/2025,2120.74,Paid,Cancelled,212.07
814,69,6,49,13/09/2025,3269.78,Pending,Returned,326.98
815,8,22,30,13/09/2025,5501.63,Refunded,Delivered,550.16
816,167,12,10,13/09/2025,1832.46,Refunded,Cancelled,183.25
817,113,1,24,13/09/2025,2045.98,Paid,Delivered,204.6
818,55,3,38,13/09/2025,2154.67,Pending,Cancelled,215.47
819,184,37,35,13/09/2025,1018.16,Paid,Returned,101.82
820,134,33,30,13/09/2025,6897.14,Refunded,Cancelled,689.71
821,168,6,65,13/09/2025,5711.25,Refunded,Returned,571.12
822,165,2,51,13/09/2025,3570.84,Refunded,Delivered,357.08
823,4,48,5,13/09/2025,1239,Pending,Returned,123.9
824,106,12,2,14/09/2025,6384.45,Refunded,Delivered,638.45
825,129,38,30,14/09/2025,2666.02,Pending,Returned,266.6
826,86,17,33,14/09/2025,5864.58,Pending,Returned,586.46
827,51,6,23,14/09/2025,4573.15,Pending,Cancelled,457.31
828,54,12,7,14/09/2025,4342.28,Paid,Delivered,434.23
829,94,32,1,14/09/2025,1108.37,Refunded,Delivered,110.84
830,186,16,59,15/09/2025,5169.51,Pending,Cancelled,516.95
831,35,26,53,15/09/2025,2725.98,Paid,Returned,272.6
832,39,30,51,15/09/2025,6659.62,Refunded,Cancelled,665.96
833,32,12,28,16/09/2025,5802.23,Paid,Delivered,580.22
834,183,29,33,16/09/2025,5843.95,Pending,Returned,584.39
835,192,42,34,16/09/2025,2415.71,Refunded,Delivered,241.57
836,47,14,38,16/09/2025,4410.78,Paid,Returned,441.08
837,147,33,65,16/09/2025,3691.48,Paid,Delivered,369.15
838,123,11,3,17/09/2025,5128.73,Pending,Cancelled,512.87
839,139,10,31,17/09/2025,5777.7,Pending,Returned,577.77
840,72,35,44,17/09/2025,3531.79,Pending,Cancelled,353.18
841,141,36,11,17/09/2025,6284.35,Refunded,Returned,628.44
842,85,30,52,17/09/2025,5272.64,Refunded,Cancelled,527.26
843,77,45,28,18/09/2025,5907.16,Pending,Cancelled,590.72
844,76,20,34,18/09/2025,1295.11,Paid,Returned,129.51
845,17,24,57,18/09/2025,5062.41,Pending,Cancelled,506.24
846,143,42,29,18/09/2025,3697.18,Refunded,Delivered,369.72
847,134,30,53,18/09/2025,4332,Paid,Cancelled,433.2
848,190,10,57,19/09/2025,,Paid,Returned,
849,161,25,21,19/09/2025,3664.84,Pending,Delivered,366.48
850,14,28,63,19/09/2025,1648.48,Pending,Cancelled,164.85
851,151,34,36,19/09/2025,5669.78,Paid,Delivered,566.98
852,68,47,37,19/09/2025,1718.21,Refunded,Cancelled,171.82
853,84,9,20,19/09/2025,2720.28,Paid,Delivered,272.03
854,11,35,64,19/09/2025,6702.23,Refunded,Delivered,670.22
855,200,32,33,20/09/2025,1062.58,Refunded,Cancelled,106.26
856,31,6,33,20/09/2025,4221.35,Refunded,Delivered,422.14
857,41,6,19,20/09/2025,,Refunded,Returned,
858,27,6,13,20/09/2025,3728.46,Pending,Returned,372.85
859,152,18,22,20/09/2025,5022.47,Refunded,Returned,502.25
860,46,47,4,20/09/2025,4869.25,Refunded,Returned,486.93
861,43,9,17,21/09/2025,4376.62,Pending,Cancelled,437.66
862,61,2,26,21/09/2025,5275.17,Paid,Delivered,527.52
863,15,5,40,21/09/2025,1425.48,Paid,Returned,142.55
864,10,22,5,21/09/2025,5150.76,Paid,Returned,515.08
865,101,13,40,21/09/2025,5621.26,Refunded,Delivered,562.13
866,72,21,34,22/09/2025,2284.88,Refunded,Delivered,228.49
867,32,35,7,22/09/2025,6853.54,Paid,Returned,685.35
868,177,45,3,22/09/2025,5933.54,Refunded,Cancelled,593.35
869,12,17,63,22/09/2025,5865,Refunded,Cancelled,586.5
870,51,43,26,22/09/2025,3415.48,Pending,Cancelled,341.55
871,104,11,50,22/09/2025,3754.68,Paid,Returned,375.47
872,192,16,63,23/09/2025,2500.25,Refunded,Cancelled,250.03
873,85,43,14,23/09/2025,1731.87,Refunded,Delivered,173.19
874,186,9,60,23/09/2025,5990.52,Paid,Returned,599.05
875,77,39,44,23/09/2025,4073.23,Refunded,Delivered,407.32
876,108,45,37,23/09/2025,3257.89,Refunded,Delivered,325.79
877,69,38,38,24/09/2025,6021.1,Paid,Returned,602.11
878,109,8,47,24/09/2025,1971.72,Paid,Returned,197.17
879,31,31,63,24/09/2025,1435.89,Paid,Cancelled,143.59
880,55,11,25,25/09/2025,4824.94,Refunded,Returned,482.49
881,37,45,52,25/09/2025,5067.42,Refunded,Delivered,506.74
882,9,21,19,25/09/2025,1541.4,Refunded,Returned,154.14
883,163,2,52,25/09/2025,3225.69,Paid,Cancelled,322.57
884,3,37,43,25/09/2025,6502.39,Pending,Returned,650.24
885,167,29,39,26/09/2025,3472.71,Paid,Delivered,347.27
886,155,32,3,26/09/2025,6346.29,Pending,Delivered,634.63
887,195,22,16,26/09/2025,5864.98,Refunded,Cancelled,586.5
888,125,28,19,26/09/2025,2265.15,Refunded,Cancelled,226.52
889,181,37,54,26/09/2025,4436.29,Pending,Returned,443.63
890,43,16,53,27/09/2025,3170.34,Paid,Cancelled,317.03
891,150,29,53,27/09/2025,1861.89,Refunded,Cancelled,186.19
892,98,5,9,27/09/2025,4982.15,Pending,Cancelled,498.21
893,156,10,1,27/09/2025,2829.22,Paid,Delivered,282.92
894,66,12,8,27/09/2025,2120.62,Refunded,Returned,212.06
895,162,11,44,28/09/2025,2863.67,Refunded,Cancelled,286.37
896,107,3,2,28/09/2025,3164.37,Pending,Returned,316.44
897,72,6,38,28/09/2025,4639.2,Refunded,Cancelled,463.92
898,171,43,4,28/09/2025,5819.5,Refunded,Cancelled,581.95
899,85,43,57,29/09/2025,2602.64,Paid,Delivered,260.26
900,48,41,32,29/09/2025,6709.84,Refunded,Returned,670.98
901,104,25,17,29/09/2025,2105.95,Pending,Cancelled,210.59
902,13,30,45,29/09/2025,2012.82,Pending,Returned,201.28
903,11,17,43,29/09/2025,2166.17,Pending,Returned,216.62
904,154,27,65,30/09/2025,2712.42,Pending,Cancelled,271.24
905,45,8,38,30/09/2025,2482.16,Refunded,Returned,248.22
906,138,24,50,30/09/2025,6711.61,Paid,Delivered,671.16
907,122,10,51,30/09/2025,1706.3,Pending,Delivered,170.63
908,110,21,10,30/09/2025,2819.19,Refunded,Returned,281.92
909,156,34,64,30/09/2025,2342.08,Paid,Delivered,234.21
910,45,18,20,01/10/2025,3411.26,Paid,Delivered,341.13
911,157,49,5,01/10/2025,2697.45,Refunded,Returned,269.75
912,140,4,54,01/10/2025,5738.37,Refunded,Delivered,573.84
913,67,41,34,01/10/2025,2064.67,Pending,Cancelled,206.47
914,172,21,31,01/10/2025,4574.54,Paid,Returned,457.45
915,91,46,47,01/10/2025,1168.3,Paid,Returned,116.83
916,125,21,26,02/10/2025,2129.17,Refunded,Returned,212.92
917,141,2,56,02/10/2025,2943.31,Paid,Cancelled,294.33
918,33,31,53,02/10/2025,6231.23,Refunded,Delivered,623.12
919,110,6,43,02/10/2025,2473.58,Pending,Delivered,247.36
920,173,8,65,02/10/2025,2739.17,Pending,Cancelled,273.92
921,184,29,16,02/10/2025,3812.63,Paid,Cancelled,381.26
922,107,8,63,02/10/2025,3778.16,Refunded,Cancelled,377.82
923,129,3,39,02/10/2025,5980.79,Pending,Cancelled,598.08
924,180,11,13,02/10/2025,5771.57,Refunded,Returned,577.16
925,29,18,8,02/10/2025,5964.49,Refunded,Returned,596.45
926,116,38,18,03/10/2025,5762.56,Pending,Delivered,576.26
927,116,17,39,03/10/2025,6112.99,Paid,Returned,611.3
928,71,8,1,03/10/2025,2261.23,Paid,Returned,226.12
929,158,7,29,04/10/2025,3020.86,Refunded,Returned,302.09
930,87,14,48,04/10/2025,1295.85,Pending,Delivered,129.59
931,161,13,43,05/10/2025,5327.09,Paid,Cancelled,532.71
932,87,36,21,05/10/2025,3305.74,Refunded,Cancelled,330.57
933,179,5,30,05/10/2025,6602.78,Pending,Returned,660.28
934,177,7,35,05/10/2025,4098.88,Pending,Returned,409.89
935,167,16,18,05/10/2025,6382.39,Paid,Cancelled,638.24
936,139,10,11,05/10/2025,6044.08,Paid,Delivered,604.41
937,146,27,29,05/10/2025,5621.92,Paid,Delivered,562.19
938,31,28,46,06/10/2025,3418,Refunded,Returned,341.8
939,42,40,62,06/10/2025,1397.92,Pending,Delivered,139.79
940,154,4,1,06/10/2025,2567.71,Paid,Cancelled,256.77
941,1,23,53,06/10/2025,1706.83,Paid,Returned,170.68
942,43,47,45,06/10/2025,1144.18,Pending,Delivered,114.42
943,118,27,60,06/10/2025,1837.81,Paid,Returned,183.78
944,35,47,44,06/10/2025,,Refunded,Returned,
945,54,35,2,06/10/2025,2073.03,Refunded,Returned,207.3
946,94,44,46,07/10/2025,4431.98,Paid,Delivered,443.2
947,9,26,44,07/10/2025,1976.84,Pending,Cancelled,197.68
948,25,41,3,07/10/2025,2651.55,Paid,Delivered,265.16
949,15,22,32,07/10/2025,6406.44,Pending,Returned,640.64
950,178,48,48,07/10/2025,4086.01,Paid,Delivered,408.6
951,181,6,64,07/10/2025,5762.53,Refunded,Cancelled,576.25
952,172,48,20,07/10/2025,6944.87,Refunded,Delivered,694.49
953,127,8,11,08/10/2025,3757.64,Pending,Returned,375.76
954,131,8,62,08/10/2025,4686.2,Paid,Cancelled,468.62
955,165,38,16,08/10/2025,2492.68,Refunded,Delivered,249.27
956,73,17,32,08/10/2025,6588.23,Refunded,Returned,658.82
957,52,41,52,08/10/2025,6051.46,Refunded,Returned,605.15
958,38,44,64,09/10/2025,4253.61,Pending,Cancelled,425.36
959,162,23,42,09/10/2025,1955.3,Pending,Returned,195.53
960,161,40,16,09/10/2025,6363.2,Refunded,Delivered,636.32
961,46,32,37,09/10/2025,6362.58,Refunded,Returned,636.26
962,81,40,5,10/10/2025,1582.39,Paid,Delivered,158.24
963,35,40,39,10/10/2025,3361.69,Paid,Delivered,336.17
964,151,31,6,10/10/2025,3948,Paid,Cancelled,394.8
965,3,14,22,10/10/2025,1609.94,Refunded,Delivered,160.99
966,31,14,24,11/10/2025,1428.02,Pending,Cancelled,142.8
967,55,10,43,11/10/2025,4951.99,Refunded,Returned,495.2
968,196,48,63,11/10/2025,6640.51,Refunded,Delivered,664.05
969,69,45,11,11/10/2025,2062.76,Paid,Delivered,206.28
970,96,3,23,12/10/2025,6057.45,Pending,Delivered,605.75
971,119,38,57,12/10/2025,1721.67,Pending,Cancelled,172.17
972,174,12,8,12/10/2025,5686.28,Pending,Delivered,568.63
973,126,47,1,12/10/2025,3196.25,Paid,Cancelled,319.62
974,198,7,55,13/10/2025,4522.75,Pending,Returned,452.28
975,49,40,18,13/10/2025,2770.09,Refunded,Returned,277.01
976,150,6,11,13/10/2025,2142.53,Paid,Cancelled,214.25
977,54,35,47,13/10/2025,1395.74,Refunded,Returned,139.57
978,149,28,20,13/10/2025,4593.1,Pending,Cancelled,459.31
979,133,12,21,13/10/2025,2570.91,Pending,Delivered,257.09
980,95,30,50,13/10/2025,4382.29,Pending,Cancelled,438.23
981,47,29,4,14/10/2025,2238.72,Refunded,Returned,223.87
982,127,10,10,14/10/2025,6700.66,Paid,Cancelled,670.07
983,118,49,5,14/10/2025,4929,Paid,Cancelled,492.9
984,104,38,29,14/10/2025,2333.62,Refunded,Returned,233.36
985,1,2,9,14/10/2025,4132.13,Pending,Cancelled,413.21
986,117,25,3,14/10/2025,4568.21,Paid,Delivered,456.82
987,42,42,4,14/10/2025,4174.22,Pending,Returned,417.42
988,100,3,35,15/10/2025,3250.85,Pending,Returned,325.09
989,119,10,13,15/10/2025,4253.26,Pending,Cancelled,425.33
990,77,43,18,15/10/2025,2549.69,Pending,Delivered,254.97
991,61,24,7,15/10/2025,2615.96,Paid,Returned,261.6
992,138,40,32,15/10/2025,6851.53,Pending,Returned,685.15
993,59,28,45,15/10/2025,4532.45,Pending,Returned,453.25
994,68,10,25,16/10/2025,1744.06,Paid,Delivered,174.41
995,64,25,55,16/10/2025,5911.52,Paid,Cancelled,591.15
996,38,20,18,16/10/2025,3344.26,Pending,Delivered,334.43
997,135,16,18,16/10/2025,6122.5,Paid,Delivered,612.25
998,23,9,56,16/10/2025,5584,Pending,Cancelled,558.4
999,93,37,26,16/10/2025,1061.25,Paid,Returned,106.12
1000,178,29,30,16/10/2025,4695.69,Refunded,Returned,469.57
